[
    {
        "name": "Mozzarella Sticks",
        "description": "Golden fried mozzarella sticks served with marinara sauce."
    },
    {
        "name": "Chicken Wings",
        "description": "Crispy chicken wings served with your choice of sauce."
    },
    {
        "name": "Caesar Salad",
        "description": "Fresh romaine lettuce, parmesan cheese, and croutons, tossed in Caesar dressing."
    },
    {
        "name": "Caesar Salad",
        "description": "Fresh romaine lettuce, parmesan cheese, and croutons, tossed in Caesar dressing."
    },
    {
        "name": "Chicken Wings",
        "description": "Crispy chicken wings served with your choice of sauce."
    },
    {
        "name": "Mozzarella Sticks",
        "description": "Golden fried mozzarella sticks served with marinara sauce."
    },
    {
        "name": "Caesar Salad",
        "description": "Fresh romaine lettuce, parmesan cheese, and croutons, tossed in Caesar dressing."
    }
]